{
    "pred_no_targ": [
        0,
        38,
        0,
        0.0
    ],
    "pred_with_targ": [
        123,
        1,
        178,
        0.19803511101224597
    ],
    "final_score": 0.42337903618266337,
    "run_num": "run_imac_home_04",
    "final_IoU": 0.5621603818800017,
    "weight": 0.7531285551763367,
    "pred_following": [
        539,
        0,
        0,
        0.9262856527477574
    ]
}