{
    "run_num": "run_gpu_12",
    "pred_following": [
        539,
        0,
        0,
        0.9106825668225895
    ],
    "pred_no_targ": [
        0,
        90,
        0,
        0.0
    ],
    "pred_with_targ": [
        152,
        4,
        149,
        0.25171051673669953
    ],
    "weight": 0.7398286937901499,
    "final_IoU": 0.5811965417796445,
    "final_score": 0.4299858783401867
}