{
    "pred_following": [
        539,
        0,
        0,
        0.8842762540346766
    ],
    "pred_no_targ": [
        0,
        69,
        0,
        0.0
    ],
    "pred_with_targ": [
        119,
        3,
        182,
        0.12754251857530663
    ],
    "weight": 0.7214912280701754,
    "final_IoU": 0.5059093863049916,
    "final_score": 0.3650091844174172
}