{
    "pred_following": [
        539,
        0,
        0,
        0.9045711955479722
    ],
    "pred_no_targ": [
        0,
        30,
        0,
        0.0
    ],
    "pred_with_targ": [
        105,
        1,
        196,
        0.12412988885432215
    ],
    "weight": 0.7393800229621125,
    "final_IoU": 0.5143505422011472,
    "final_score": 0.3803005157032592
}