{
    "pred_following": [
        539,
        0,
        0,
        0.8416326226671871
    ],
    "pred_no_targ": [
        0,
        16,
        0,
        0.0
    ],
    "pred_with_targ": [
        28,
        1,
        273,
        0.019515815432450193
    ],
    "weight": 0.661610268378063,
    "final_IoU": 0.43057421904981863,
    "final_score": 0.2848723246222254
}