{
    "run_num": "run_gpu_09",
    "pred_following": [
        539,
        0,
        0,
        0.9116398139013007
    ],
    "pred_no_targ": [
        0,
        30,
        0,
        0.0
    ],
    "pred_with_targ": [
        85,
        0,
        216,
        0.11719915170574115
    ],
    "weight": 0.7172413793103448,
    "final_IoU": 0.5144194828035209,
    "final_score": 0.36896293939011154
}