{
    "pred_following": [
        539,
        0,
        0,
        0.9080210273088484
    ],
    "pred_no_targ": [
        0,
        17,
        0,
        0.0
    ],
    "pred_with_targ": [
        92,
        4,
        209,
        0.10927099533601622
    ],
    "weight": 0.7328687572590011,
    "final_IoU": 0.5086460113224323,
    "final_score": 0.37277077020261873
}