{
    "pred_following": [
        539,
        0,
        0,
        0.8744001893911663
    ],
    "pred_no_targ": [
        0,
        46,
        0,
        0.0
    ],
    "pred_with_targ": [
        45,
        1,
        256,
        0.04779414389831887
    ],
    "weight": 0.6583990980834273,
    "final_IoU": 0.46109716664474254,
    "final_score": 0.3035859586477223
}